<?xml version="1.0" encoding="UTF-8"?>
<!DOCTYPE generatorConfiguration
        PUBLIC "-//mybatis.org//DTD MyBatis Generator Configuration 1.0//EN"
        "http://mybatis.org/dtd/mybatis-generator-config_1_0.dtd">

<!-- 使用 mvn commons-generator:generate -->
<generatorConfiguration>
    <!-- 配置文件 -->
    <properties resource="jdbc.properties"/>
    <context id="MySQLTables" targetRuntime="MyBatis3" defaultModelType="flat">

        <property name="beginningDelimiter" value="`"/>
        <property name="endingDelimiter" value="`"/>

        <plugin type="org.mybatis.generator.plugins.RowBoundsPlugin"></plugin>


        <!-- 取消生成的代码注释 -->
        <commentGenerator>
            <property name="suppressDate" value="true"/>
            <property name="suppressAllComments" value="true"/>
        </commentGenerator>

        <!-- 连接配置 -->
        <jdbcConnection driverClass="${driverClassName}" connectionURL="${url}" userId="${username}"
                        password="${password}">
        </jdbcConnection>

        <!-- javaModelGenerator是模型的生成信息，这里将指定这些Java model类的生成路径 -->
        <javaModelGenerator targetPackage="com.demo.model"
                            targetProject="src/main/java">
            <property name="trimStrings" value="true"/>
        </javaModelGenerator>

        <!-- 生成Mapper 配置文件 -->
        <sqlMapGenerator targetPackage="mybatis.mapper"
                         targetProject="src/main/resources">
        </sqlMapGenerator>

        <!-- javaClientGenerator是应用接口的生成信息 -->
        <javaClientGenerator type="XMLMAPPER"
                             targetPackage="com.demo.mapper" targetProject="src/main/java">
            <property name="enableSubPackages" value="true"/>
        </javaClientGenerator>


        <!--生成对应表及类名 -->

        <table tableName="car"
               delimitAllColumns="true"
               delimitIdentifiers="true"
               domainObjectName="Car">
            <generatedKey column="id" sqlStatement="SELECT LAST_INSERT_ID()" identity="true"/>
        </table>

        <table tableName="order"
               delimitAllColumns="true"
               delimitIdentifiers="true"
               domainObjectName="Order">
            <generatedKey column="id" sqlStatement="SELECT LAST_INSERT_ID()" identity="true"/>
        </table>

        <table tableName="courier"
               delimitAllColumns="true"
               delimitIdentifiers="true"
               domainObjectName="Courier">
            <generatedKey column="id" sqlStatement="SELECT LAST_INSERT_ID()" identity="true"/>
        </table>

        <table tableName="courierorder"
               delimitAllColumns="true"
               delimitIdentifiers="true"
               domainObjectName="Courierorder">
            <generatedKey column="id" sqlStatement="SELECT LAST_INSERT_ID()" identity="true"/>
        </table>
    </context>
</generatorConfiguration>