<?xml version="1.0" encoding="UTF-8" ?>
<!DOCTYPE mapper PUBLIC "-//mybatis.org//DTD Mapper 3.0//EN" "http://mybatis.org/dtd/mybatis-3-mapper.dtd" >
<mapper namespace="com.bos.mapper.CarMapper">
    <resultMap id="BaseResultMap" type="com.bos.model.Car">
        <id column="id" property="id" jdbcType="INTEGER"/>
        <result column="model" property="model" jdbcType="VARCHAR"/>
        <result column="brand" property="brand" jdbcType="VARCHAR"/>
        <result column="number" property="number" jdbcType="VARCHAR"/>
    </resultMap>
    <sql id="Example_Where_Clause">
        <where>
            <foreach collection="oredCriteria" item="criteria" separator="or">
                <if test="criteria.valid">
                    <trim prefix="(" suffix=")" prefixOverrides="and">
                        <foreach collection="criteria.criteria" item="criterion">
                            <choose>
                                <when test="criterion.noValue">
                                    and ${criterion.condition}
                                </when>
                                <when test="criterion.singleValue">
                                    and ${criterion.condition} #{criterion.value}
                                </when>
                                <when test="criterion.betweenValue">
                                    and ${criterion.condition} #{criterion.value} and #{criterion.secondValue}
                                </when>
                                <when test="criterion.listValue">
                                    and ${criterion.condition}
                                    <foreach collection="criterion.value" item="listItem" open="(" close=")"
                                             separator=",">
                                        #{listItem}
                                    </foreach>
                                </when>
                            </choose>
                        </foreach>
                    </trim>
                </if>
            </foreach>
        </where>
    </sql>
    <sql id="Update_By_Example_Where_Clause">
        <where>
            <foreach collection="example.oredCriteria" item="criteria" separator="or">
                <if test="criteria.valid">
                    <trim prefix="(" suffix=")" prefixOverrides="and">
                        <foreach collection="criteria.criteria" item="criterion">
                            <choose>
                                <when test="criterion.noValue">
                                    and ${criterion.condition}
                                </when>
                                <when test="criterion.singleValue">
                                    and ${criterion.condition} #{criterion.value}
                                </when>
                                <when test="criterion.betweenValue">
                                    and ${criterion.condition} #{criterion.value} and #{criterion.secondValue}
                                </when>
                                <when test="criterion.listValue">
                                    and ${criterion.condition}
                                    <foreach collection="criterion.value" item="listItem" open="(" close=")"
                                             separator=",">
                                        #{listItem}
                                    </foreach>
                                </when>
                            </choose>
                        </foreach>
                    </trim>
                </if>
            </foreach>
        </where>
    </sql>
    <sql id="Base_Column_List">
    `id`, `model`, `brand`, `number`
  </sql>
    <select id="selectByExample" resultMap="BaseResultMap" parameterType="com.bos.model.CarExample">
        select
        <if test="distinct">
            distinct
        </if>
        <include refid="Base_Column_List"/>
        from `car`
        <if test="_parameter != null">
            <include refid="Example_Where_Clause"/>
        </if>
        <if test="orderByClause != null">
            order by ${orderByClause}
        </if>
    </select>
    <select id="selectByPrimaryKey" resultMap="BaseResultMap" parameterType="java.lang.Integer">
        select
        <include refid="Base_Column_List"/>
        from `car`
        where `id` = #{id,jdbcType=INTEGER}
    </select>
    <delete id="deleteByPrimaryKey" parameterType="java.lang.Integer">
    delete from `car`
    where `id` = #{id,jdbcType=INTEGER}
  </delete>
    <delete id="deleteByExample" parameterType="com.bos.model.CarExample">
        delete from `car`
        <if test="_parameter != null">
            <include refid="Example_Where_Clause"/>
        </if>
    </delete>
    <insert id="insert" parameterType="com.bos.model.Car">
        <selectKey resultType="java.lang.Integer" keyProperty="id" order="AFTER">
            SELECT LAST_INSERT_ID()
        </selectKey>
        insert into `car` (`model`, `brand`, `number`
        )
        values (#{model,jdbcType=VARCHAR}, #{brand,jdbcType=VARCHAR}, #{number,jdbcType=VARCHAR}
        )
    </insert>
    <insert id="insertSelective" parameterType="com.bos.model.Car">
        <selectKey resultType="java.lang.Integer" keyProperty="id" order="AFTER">
            SELECT LAST_INSERT_ID()
        </selectKey>
        insert into `car`
        <trim prefix="(" suffix=")" suffixOverrides=",">
            <if test="model != null">
                `model`,
            </if>
            <if test="brand != null">
                `brand`,
            </if>
            <if test="number != null">
                `number`,
            </if>
        </trim>
        <trim prefix="values (" suffix=")" suffixOverrides=",">
            <if test="model != null">
                #{model,jdbcType=VARCHAR},
            </if>
            <if test="brand != null">
                #{brand,jdbcType=VARCHAR},
            </if>
            <if test="number != null">
                #{number,jdbcType=VARCHAR},
            </if>
        </trim>
    </insert>
    <select id="countByExample" parameterType="com.bos.model.CarExample" resultType="java.lang.Integer">
        select count(*) from `car`
        <if test="_parameter != null">
            <include refid="Example_Where_Clause"/>
        </if>
    </select>
    <update id="updateByExampleSelective" parameterType="map">
        update `car`
        <set>
            <if test="record.id != null">
                `id` = #{record.id,jdbcType=INTEGER},
            </if>
            <if test="record.model != null">
                `model` = #{record.model,jdbcType=VARCHAR},
            </if>
            <if test="record.brand != null">
                `brand` = #{record.brand,jdbcType=VARCHAR},
            </if>
            <if test="record.number != null">
                `number` = #{record.number,jdbcType=VARCHAR},
            </if>
        </set>
        <if test="_parameter != null">
            <include refid="Update_By_Example_Where_Clause"/>
        </if>
    </update>
    <update id="updateByExample" parameterType="map">
        update `car`
        set `id` = #{record.id,jdbcType=INTEGER},
        `model` = #{record.model,jdbcType=VARCHAR},
        `brand` = #{record.brand,jdbcType=VARCHAR},
        `number` = #{record.number,jdbcType=VARCHAR}
        <if test="_parameter != null">
            <include refid="Update_By_Example_Where_Clause"/>
        </if>
    </update>
    <update id="updateByPrimaryKeySelective" parameterType="com.bos.model.Car">
        update `car`
        <set>
            <if test="model != null">
                `model` = #{model,jdbcType=VARCHAR},
            </if>
            <if test="brand != null">
                `brand` = #{brand,jdbcType=VARCHAR},
            </if>
            <if test="number != null">
                `number` = #{number,jdbcType=VARCHAR},
            </if>
        </set>
        where `id` = #{id,jdbcType=INTEGER}
    </update>
    <update id="updateByPrimaryKey" parameterType="com.bos.model.Car">
    update `car`
    set `model` = #{model,jdbcType=VARCHAR},
      `brand` = #{brand,jdbcType=VARCHAR},
      `number` = #{number,jdbcType=VARCHAR}
    where `id` = #{id,jdbcType=INTEGER}
  </update>
    <select resultMap="BaseResultMap" parameterType="com.bos.model.CarExample" id="selectByExampleWithRowbounds">
        select
        <if test="distinct">
            distinct
        </if>
        <include refid="Base_Column_List"/>
        from `car`
        <if test="_parameter != null">
            <include refid="Example_Where_Clause"/>
        </if>
        <if test="orderByClause != null">
            order by ${orderByClause}
        </if>
    </select>
</mapper>