<?xml version="1.0" encoding="UTF-8" ?>
<!DOCTYPE mapper PUBLIC "-//mybatis.org//DTD Mapper 3.0//EN" "http://mybatis.org/dtd/mybatis-3-mapper.dtd" >
<mapper namespace="com.bos.mapper.CourierorderMapper">
    <resultMap id="BaseResultMap" type="com.bos.model.Courierorder">
        <id column="id" property="id" jdbcType="INTEGER"/>
        <result column="courierId" property="courierid" jdbcType="INTEGER"/>
        <result column="orderId" property="orderid" jdbcType="INTEGER"/>
    </resultMap>
    <sql id="Example_Where_Clause">
        <where>
            <foreach collection="oredCriteria" item="criteria" separator="or">
                <if test="criteria.valid">
                    <trim prefix="(" suffix=")" prefixOverrides="and">
                        <foreach collection="criteria.criteria" item="criterion">
                            <choose>
                                <when test="criterion.noValue">
                                    and ${criterion.condition}
                                </when>
                                <when test="criterion.singleValue">
                                    and ${criterion.condition} #{criterion.value}
                                </when>
                                <when test="criterion.betweenValue">
                                    and ${criterion.condition} #{criterion.value} and #{criterion.secondValue}
                                </when>
                                <when test="criterion.listValue">
                                    and ${criterion.condition}
                                    <foreach collection="criterion.value" item="listItem" open="(" close=")"
                                             separator=",">
                                        #{listItem}
                                    </foreach>
                                </when>
                            </choose>
                        </foreach>
                    </trim>
                </if>
            </foreach>
        </where>
    </sql>
    <sql id="Update_By_Example_Where_Clause">
        <where>
            <foreach collection="example.oredCriteria" item="criteria" separator="or">
                <if test="criteria.valid">
                    <trim prefix="(" suffix=")" prefixOverrides="and">
                        <foreach collection="criteria.criteria" item="criterion">
                            <choose>
                                <when test="criterion.noValue">
                                    and ${criterion.condition}
                                </when>
                                <when test="criterion.singleValue">
                                    and ${criterion.condition} #{criterion.value}
                                </when>
                                <when test="criterion.betweenValue">
                                    and ${criterion.condition} #{criterion.value} and #{criterion.secondValue}
                                </when>
                                <when test="criterion.listValue">
                                    and ${criterion.condition}
                                    <foreach collection="criterion.value" item="listItem" open="(" close=")"
                                             separator=",">
                                        #{listItem}
                                    </foreach>
                                </when>
                            </choose>
                        </foreach>
                    </trim>
                </if>
            </foreach>
        </where>
    </sql>
    <sql id="Base_Column_List">
    `id`, `courierId`, `orderId`
  </sql>
    <select id="selectByExample" resultMap="BaseResultMap" parameterType="com.bos.model.CourierorderExample">
        select
        <if test="distinct">
            distinct
        </if>
        <include refid="Base_Column_List"/>
        from `courierorder`
        <if test="_parameter != null">
            <include refid="Example_Where_Clause"/>
        </if>
        <if test="orderByClause != null">
            order by ${orderByClause}
        </if>
    </select>
    <select id="selectByPrimaryKey" resultMap="BaseResultMap" parameterType="java.lang.Integer">
        select
        <include refid="Base_Column_List"/>
        from `courierorder`
        where `id` = #{id,jdbcType=INTEGER}
    </select>
    <delete id="deleteByPrimaryKey" parameterType="java.lang.Integer">
    delete from `courierorder`
    where `id` = #{id,jdbcType=INTEGER}
  </delete>
    <delete id="deleteByExample" parameterType="com.bos.model.CourierorderExample">
        delete from `courierorder`
        <if test="_parameter != null">
            <include refid="Example_Where_Clause"/>
        </if>
    </delete>
    <insert id="insert" parameterType="com.bos.model.Courierorder">
        <selectKey resultType="java.lang.Integer" keyProperty="id" order="AFTER">
            SELECT LAST_INSERT_ID()
        </selectKey>
        insert into `courierorder` (`courierId`, `orderId`)
        values (#{courierid,jdbcType=INTEGER}, #{orderid,jdbcType=INTEGER})
    </insert>
    <insert id="insertSelective" parameterType="com.bos.model.Courierorder">
        <selectKey resultType="java.lang.Integer" keyProperty="id" order="AFTER">
            SELECT LAST_INSERT_ID()
        </selectKey>
        insert into `courierorder`
        <trim prefix="(" suffix=")" suffixOverrides=",">
            <if test="courierid != null">
                `courierId`,
            </if>
            <if test="orderid != null">
                `orderId`,
            </if>
        </trim>
        <trim prefix="values (" suffix=")" suffixOverrides=",">
            <if test="courierid != null">
                #{courierid,jdbcType=INTEGER},
            </if>
            <if test="orderid != null">
                #{orderid,jdbcType=INTEGER},
            </if>
        </trim>
    </insert>
    <select id="countByExample" parameterType="com.bos.model.CourierorderExample" resultType="java.lang.Integer">
        select count(*) from `courierorder`
        <if test="_parameter != null">
            <include refid="Example_Where_Clause"/>
        </if>
    </select>
    <update id="updateByExampleSelective" parameterType="map">
        update `courierorder`
        <set>
            <if test="record.id != null">
                `id` = #{record.id,jdbcType=INTEGER},
            </if>
            <if test="record.courierid != null">
                `courierId` = #{record.courierid,jdbcType=INTEGER},
            </if>
            <if test="record.orderid != null">
                `orderId` = #{record.orderid,jdbcType=INTEGER},
            </if>
        </set>
        <if test="_parameter != null">
            <include refid="Update_By_Example_Where_Clause"/>
        </if>
    </update>
    <update id="updateByExample" parameterType="map">
        update `courierorder`
        set `id` = #{record.id,jdbcType=INTEGER},
        `courierId` = #{record.courierid,jdbcType=INTEGER},
        `orderId` = #{record.orderid,jdbcType=INTEGER}
        <if test="_parameter != null">
            <include refid="Update_By_Example_Where_Clause"/>
        </if>
    </update>
    <update id="updateByPrimaryKeySelective" parameterType="com.bos.model.Courierorder">
        update `courierorder`
        <set>
            <if test="courierid != null">
                `courierId` = #{courierid,jdbcType=INTEGER},
            </if>
            <if test="orderid != null">
                `orderId` = #{orderid,jdbcType=INTEGER},
            </if>
        </set>
        where `id` = #{id,jdbcType=INTEGER}
    </update>
    <update id="updateByPrimaryKey" parameterType="com.bos.model.Courierorder">
    update `courierorder`
    set `courierId` = #{courierid,jdbcType=INTEGER},
      `orderId` = #{orderid,jdbcType=INTEGER}
    where `id` = #{id,jdbcType=INTEGER}
  </update>
    <select resultMap="BaseResultMap" parameterType="com.bos.model.CourierorderExample"
            id="selectByExampleWithRowbounds">
        select
        <if test="distinct">
            distinct
        </if>
        <include refid="Base_Column_List"/>
        from `courierorder`
        <if test="_parameter != null">
            <include refid="Example_Where_Clause"/>
        </if>
        <if test="orderByClause != null">
            order by ${orderByClause}
        </if>
    </select>
</mapper>