<?xml version="1.0" encoding="UTF-8"?>
<beans xmlns:tx="http://www.springframework.org/schema/tx"
       xmlns:xsi="http://www.w3.org/2001/XMLSchema-instance"
       xmlns="http://www.springframework.org/schema/beans"
       xsi:schemaLocation="http://www.springframework.org/schema/beans
	http://www.springframework.org/schema/beans/spring-beans-3.0.xsd 
	http://www.springframework.org/schema/tx
	http://www.springframework.org/schema/tx/spring-tx-3.0.xsd ">

    <description>公共的默认数据源配置</description>
    <!--数据库 -->
    <bean name="dataSource" class="com.alibaba.druid.pool.DruidDataSource"
          init-method="init" destroy-method="close">
        <property name="url"
                  value="jdbc:mysql://101.200.54.205:3306/bos?allowMultiQueries=true&amp;zeroDateTimeBehavior=convertToNull&amp;useUnicode=true&amp;characterEncoding=UTF-8"/>
        <property name="username" value="hasoffer"/>
        <property name="password" value="123456"/>

        <!-- 初始化连接大小 -->
        <property name="initialSize" value="10"/>
        <!-- 连接池最大使用连接数量 -->
        <property name="maxActive" value="30"/>
        <!-- 连接池最小空闲 -->
        <property name="minIdle" value="10"/>
        <!-- 获取连接最大等待时间 -->
        <property name="maxWait" value="60000"/>
        <property name="poolPreparedStatements" value="true"/>
        <property name="maxPoolPreparedStatementPerConnectionSize"
                  value="33"/>
        <!-- 用来检测有效sql -->
        <property name="validationQuery" value="SELECT 1"/>
        <property name="testOnBorrow" value="false"/>
        <property name="testOnReturn" value="false"/>
        <property name="testWhileIdle" value="true"/>
        <!-- 配置间隔多久才进行一次检测，检测需要关闭的空闲连接，单位是毫秒 -->
        <property name="timeBetweenEvictionRunsMillis" value="60000"/>
        <!-- 配置一个连接在池中最小生存的时间，单位是毫秒 -->
        <property name="minEvictableIdleTimeMillis" value="25200000"/>
        <!-- 打开removeAbandoned功能 -->
        <property name="removeAbandoned" value="true"/>
        <!-- 1800秒，也就是30分钟 -->
        <property name="removeAbandonedTimeout" value="1800"/>
        <!-- 关闭abanded连接时输出错误日志 -->
        <property name="logAbandoned" value="true"/>
        <!-- 监控数据库 -->
        <property name="filters" value="mergeStat"/>
    </bean>

    <!--事务配置-->
    <bean id="transactionManager" class="org.springframework.jdbc.datasource.DataSourceTransactionManager">
        <!--数据源配置-->
        <property name="dataSource" ref="dataSource"/>
    </bean>

    <!--支持注解声明的事务-->
    <tx:annotation-driven transaction-manager="transactionManager" order="50"/>

    <!--mybatis的sqlSessionFactory配置-->
    <bean id="sqlSessionFactory" class="org.mybatis.spring.SqlSessionFactoryBean">
        <!--指明数据源是哪个-->
        <property name="dataSource" ref="dataSource"/>
        <!-- mybatis配置文件地址 -->
        <property name="configLocation" value="classpath:/spring/mybatis.xml"/>
        <property name="mapperLocations" value="classpath:/mybatis/mapper/*.xml"></property>
    </bean>

    <!--mybatis配置-->
    <bean class="org.mybatis.spring.mapper.MapperScannerConfigurer">
        <!--扫描包-->
        <property name="basePackage" value="com.bos.mapper"/>
        <!--工厂Bean的名称为sqlSessionFactory-->
        <property name="sqlSessionFactoryBeanName" value="sqlSessionFactory"/>
    </bean>

</beans>